issue_id,timestamp,category,description,municipality,district,state,age_group,gender,origin,description_length,description_words,has_verkehr_keywords,has_bildung_keywords,has_umwelt_keywords,has_gesundheit_keywords,hour,day_of_week,day_of_month,week_of_year,month,quarter,is_weekend,is_business_hours,is_morning,is_afternoon
ISS_20250613033713_8524,2023-02-28 03:12:00,Migration,"Die Bearbeitungszeiten für Familienzusammenführungsanträge in unserem Rathaus sind viel zu lang. Meine Schwägerin wartet bereits seit acht Monaten auf eine Antwort, obwohl alle Unterlagen vollständig eingereicht wurden.",Marienheide,Gemeinde,Nordrhein-Westfalen,45-54,female,citizen,219,27,False,False,False,False,3,1,28,9,2,1,False,False,False,False
ISS_20250613033940_8695,2024-06-25 09:09:00,Gesundheit,Die Wartezeit für einen Facharzttermin beim Orthopäden hier in Schmallenberg beträgt über vier Monate. Als Berufstätige mit Rückenproblemen ist das unzumutbar - wir brauchen dringend mehr Fachärzte in der Region oder bessere Terminvergabe.,Schmallenberg,Stadt,Nordrhein-Westfalen,45-54,female,citizen,239,33,False,False,False,True,9,1,25,26,6,2,False,True,True,False
ISS_20250613033723_2652,2023-12-22 03:27:00,Sicherheit,"Die Straßenbeleuchtung in der Berliner Straße ist seit Wochen kaputt, nachts ist es dort stockdunkel. Als junger Mann fühle ich mich unsicher, wenn ich abends von der Arbeit nach Hause laufe - da könnte wirklich was passieren.",Baruth/Mark,Stadt,Brandenburg,18-24,male,citizen,226,37,True,False,False,False,3,4,22,51,12,4,False,False,False,False
ISS_20250613033802_5745,2023-07-12 11:42:00,Sicherheit,"Die Straßenbeleuchtung in der Kirchgasse ist seit drei Wochen kaputt und der Weg zur Bushaltestelle ist abends völlig dunkel. Als Frau fühle ich mich dort sehr unsicher, besonders wenn ich spät von der Arbeit komme.",Partenheim,Gemeinde,Rheinland-Pfalz,35-44,female,citizen,215,35,True,False,False,False,11,2,12,28,7,3,False,True,True,False
ISS_20250613033804_8383,2023-11-08 10:29:00,Digitalisierung,"Die Online-Terminbuchung für den Bürgerservice funktioniert seit Wochen nicht richtig - ständig Fehlermeldungen und dann sind alle Termine weg. Als berufstätiger Vater brauche ich dringend digitale Lösungen, die auch wirklich funktionieren.",Kumhausen,Gemeinde,Bayern,35-44,male,migrant_eu,240,31,False,False,False,False,10,2,8,45,11,4,False,True,True,False
ISS_20250613034158_2010,2023-11-01 05:42:00,Digitalisierung,Das Online-Portal der Stadtverwaltung ist seit Tagen nicht erreichbar und ich kann meinen Antrag für den neuen Personalausweis nicht stellen. Telefonisch erreiche ich auch niemanden - so kann moderne Verwaltung nicht funktionieren!,Blaubeuren,Stadt,Baden-Württemberg,35-44,male,citizen,231,32,False,False,False,False,5,2,1,44,11,4,False,False,False,False
ISS_20250613033740_7462,2024-05-02 04:36:00,Verkehr,Die Bushaltestelle am Bahnhof ist seit Wochen kaputt und bietet keinen Schutz vor Regen. Als Studentin bin ich täglich auf den Bus angewiesen und stehe bei jedem Wetter im Freien. Wann wird das endlich repariert?,Wolfhagen,Stadt,Hessen,18-24,female,citizen,212,35,True,False,False,False,4,3,2,18,5,2,False,False,False,False
ISS_20250613034040_7003,2024-09-02 15:43:00,Umwelt,"Der Wildbach hinter unserem Ortsteil führt seit Wochen braunes, übelriechendes Wasser. Meine Nachbarn und ich vermuten eine illegale Einleitung aus dem Gewerbegebiet. Bitte prüfen Sie das dringend, bevor noch mehr Schaden entsteht.",Bescheid,Gemeinde,Rheinland-Pfalz,45-54,female,citizen,231,32,False,False,False,False,15,0,2,36,9,3,False,True,False,True
ISS_20250613034043_5276,2024-02-09 16:41:00,Verkehr,"Die Durchfahrtsstraße durch Burtenbach wird von LKWs als Abkürzung genutzt, obwohl das Ortszentrum für den Schwerlastverkehr gesperrt ist. Die Fahrzeuge beschädigen die Straße und gefährden Fußgänger, besonders vor der Schule.",Burtenbach,Gemeinde,Bayern,55-64,female,citizen,226,30,True,True,False,False,16,4,9,6,2,1,False,True,False,True
ISS_20250613034117_1905,2024-09-02 20:36:00,Verkehr,"Die Bushaltestelle am Marktplatz hat keinen Wetterschutz und die Bank ist kaputt. Als Rentner muss ich oft 20 Minuten im Regen warten, weil der Bus nur alle Stunde fährt.",Schönwald,Stadt,Bayern,65+,male,migrant_eu,170,29,True,False,False,False,20,0,2,36,9,3,False,False,False,False
ISS_20250613034121_6873,2024-04-30 12:47:00,Gesundheit,Die Wartezeit beim örtlichen Hausarzt beträgt mittlerweile über drei Wochen für einen normalen Termin. Für berufstätige Menschen ist das untragbar - wir brauchen dringend mehr Ärzte in unserer Gemeinde oder längere Sprechzeiten.,Löwenberger Land,Gemeinde,Brandenburg,25-34,male,citizen,228,32,False,False,False,True,12,1,30,18,4,2,False,True,True,True
ISS_20250613033930_4661,2025-01-20 16:13:00,Bildung,"Die Turnhalle der Grundschule am Margaretenplatz ist seit drei Monaten wegen Wasserschäden gesperrt. Mein Sohn und seine Klasse müssen seitdem den Sportunterricht im viel zu kleinen Klassenraum machen, das kann doch nicht sein!",Geseke,Stadt,Nordrhein-Westfalen,45-54,male,citizen,227,33,False,True,False,False,16,0,20,4,1,1,False,True,False,True
ISS_20250613033645_7585,2024-12-29 09:26:00,Migration,"""Die Bearbeitung meines Antrags auf Familienzusammenführung dauert schon über sechs Monate ohne jede Rückmeldung. Ich brauche endlich eine Auskunft über den Stand des Verfahrens, da meine Familie weiterhin getrennt ist.""",Rankwitz,Gemeinde,Mecklenburg-Vorpommern,18-24,male,citizen,220,30,False,False,False,False,9,6,29,52,12,4,True,True,True,False
ISS_20250613033815_8676,2025-03-10 12:38:00,Wirtschaft,Die Gewerbesteuer für kleine Betriebe in Konradsreuth ist viel zu hoch im Vergleich zu den Nachbargemeinden. Dadurch wandern junge Unternehmer ab und es entstehen keine neuen Arbeitsplätze für uns hier vor Ort.,Konradsreuth,Gemeinde,Bayern,25-34,male,citizen,210,32,False,False,False,False,12,0,10,11,3,1,False,True,True,True
ISS_20250613034014_8857,2023-08-01 09:35:00,Sicherheit,"Die Beleuchtung am Fußweg entlang der Holtemme ist seit Wochen kaputt. Abends traue ich mich als Frau nicht mehr allein dort lang zu gehen, weil es viel zu dunkel ist und man nichts sieht.",Wernigerode,Stadt,Sachsen-Anhalt,45-54,female,citizen,188,34,False,False,False,False,9,1,1,31,8,3,False,True,True,False
ISS_20250613034235_9293,2023-04-15 10:24:00,Digitalisierung,"Das Online-Portal der Gemeinde ist ständig überlastet und funktioniert nicht richtig. Ich kann seit Wochen keinen Termin für die Ummeldung buchen, weil die Seite immer abstürzt - das ist wirklich frustrierend!",Oberuckersee,Gemeinde,Brandenburg,35-44,female,citizen,209,31,False,False,False,False,10,5,15,15,4,2,True,True,True,False
ISS_20250613033808_5814,2023-12-20 06:46:00,Verkehr,"Die Durchfahrtsstraße in Gamlen wird täglich von Lkw-Fahrern als Abkürzung genutzt, obwohl dort ein Durchfahrtsverbot herrscht. Der Schwerlastverkehr beschädigt die Fahrbahn und gefährdet Fußgänger, besonders Schulkinder am Morgen.",Gamlen,Gemeinde,Rheinland-Pfalz,45-54,male,citizen,231,28,True,False,False,False,6,2,20,51,12,4,False,False,True,False
ISS_20250613034205_3093,2024-12-05 10:05:00,Umwelt,Die Mülltrennung in unserem Wohngebiet an der Feldstraße funktioniert nicht richtig - die gelben Säcke werden seit Wochen nicht abgeholt und stapeln sich überall. Das lockt Ungeziefer an und sieht einfach furchtbar aus.,Dorsten,Stadt,Nordrhein-Westfalen,25-34,female,citizen,219,33,True,False,True,False,10,3,5,49,12,4,False,True,True,False
ISS_20250613033807_9486,2024-08-15 13:14:00,Bildung,"Die Turnhalle der Grundschule Adlkofen ist seit drei Monaten wegen Wasserschäden gesperrt, deshalb fällt der Sportunterricht komplett aus. Mein Sohn und seine Klassenkameraden haben dadurch schon ein Viertel des Schuljahres ohne Sport verbracht.",Adlkofen,Gemeinde,Bayern,35-44,male,citizen,245,33,False,True,False,False,13,3,15,33,8,3,False,True,False,True
ISS_20250613034004_4786,2023-08-05 01:49:00,Verkehr,"Die Bushaltestelle an der Dorfstraße hat seit Monaten kein Wartehäuschen mehr, bei dem schlechten Wetter stehen wir völlig im Regen. Besonders für ältere Leute und Familien mit Kindern ist das unzumutbar.",Altmärkische Höhe,Gemeinde,Sachsen-Anhalt,25-34,female,citizen,204,31,True,False,False,False,1,5,5,31,8,3,True,False,False,False
ISS_20250613033733_8836,2023-09-15 00:45:00,Digitalisierung,"Das Online-Portal der Stadt ist ständig überlastet und stürzt ab, wenn man Anträge stellen will. Warum muss ich für jeden Behördengang noch persönlich vorbeikommen, obwohl andere Städte längst digitale Services anbieten?",Damme,Stadt,Niedersachsen,25-34,female,citizen,220,31,False,False,False,False,0,4,15,37,9,3,False,False,False,False
ISS_20250613034238_9282,2023-12-13 19:33:00,Bildung,"Die Deutschkurse für Erwachsene an der Volkshochschule sind völlig überfüllt und es gibt monatelange Wartelisten. Als EU-Bürger brauche ich dringend bessere Sprachkenntnisse für meinen Job, aber die Stadt bietet viel zu wenige Plätze an.",Breisach am Rhein,Stadt,Baden-Württemberg,25-34,male,migrant_eu,237,34,False,True,False,False,19,2,13,50,12,4,False,False,False,False
ISS_20250613033932_9719,2024-12-19 15:17:00,Digitalisierung,"Das Online-Portal der Gemeinde ist ständig überlastet und man kann keine Termine für das Bürgerbüro buchen. Wenn man endlich durchkommt, stürzt die Seite ab und man muss von vorne anfangen - das ist wirklich nervig!",Winsen (Aller),Gemeinde,Niedersachsen,25-34,female,citizen,215,35,False,False,False,False,15,3,19,51,12,4,False,True,False,True
ISS_20250613033706_6474,2024-09-26 12:07:00,Sicherheit,Der Fußweg entlang der Langgasse ist abends völlig unbeleuchtet und durch herumliegende Äste nach dem letzten Sturm kaum passierbar. Als Frau fühle ich mich dort unsicher und bin schon zweimal gestolpert.,Weilmünster,Gemeinde,Hessen,25-34,female,citizen,204,31,False,False,False,False,12,3,26,39,9,3,False,True,True,True
ISS_20250613034033_9709,2024-12-11 04:07:00,Wirtschaft,"Die örtlichen Geschäfte in Jürgenshagen schließen eins nach dem anderen, weil keine Nachfolger gefunden werden. Unsere Gemeinde braucht dringend Unterstützung für kleine Betriebe, sonst müssen wir bald für alles nach Schwerin fahren.",Jürgenshagen,Gemeinde,Mecklenburg-Vorpommern,45-54,female,citizen,233,32,False,False,False,False,4,2,11,50,12,4,False,False,False,False
ISS_20250613034009_4524,2025-05-19 21:02:00,Wirtschaft,"Die Jugendarbeitslosigkeit in Wustrow ist viel zu hoch und es gibt kaum Ausbildungsplätze für junge Leute wie mich. Viele meiner Freunde sind nach der Schule weggezogen, weil hier einfach keine beruflichen Perspektiven existieren.",Wustrow,Gemeinde,Mecklenburg-Vorpommern,18-24,male,citizen,230,33,False,True,False,False,21,0,19,21,5,2,False,False,False,False
ISS_20250613034211_1473,2025-02-05 14:40:00,Wirtschaft,"Die Gewerbesteuer für kleine Betriebe in Essen ist viel zu hoch im Vergleich zu anderen Städten im Ruhrgebiet. Mein Friseursalon kann sich die Abgaben kaum noch leisten, während in Bochum die Sätze deutlich niedriger sind.",Essen,Stadt,Nordrhein-Westfalen,45-54,female,citizen,222,35,False,False,False,False,14,2,5,6,2,1,False,True,False,True
ISS_20250613033828_9986,2024-06-30 10:18:00,Wirtschaft,"Die Geschäfte in der Innenstadt schließen reihenweise, weil die Mieten zu hoch sind und keine Kunden mehr kommen. Als Rentnerin muss ich jetzt zum Einkaufen in die nächste Stadt fahren, weil hier nichts mehr da ist.",Goch,Stadt,Nordrhein-Westfalen,65+,female,citizen,215,36,False,False,False,False,10,6,30,26,6,2,True,True,True,False
ISS_20250613033805_9520,2024-01-17 09:45:00,Umwelt,"Die Mülltrennung in unserem Wohnblock funktioniert nicht richtig. Viele Nachbarn werfen alles zusammen in die Tonnen und es stinkt furchtbar. Die Stadt sollte mehr Aufklärung machen oder öfter kontrollieren, damit wir alle sauberer leben können.",Wittenberg,Stadt,Sachsen-Anhalt,55-64,male,migrant_non_eu,245,35,False,False,True,False,9,2,17,3,1,1,False,True,True,False
ISS_20250613033923_8596,2023-08-26 11:31:00,Gesundheit,"Die Wartezeit beim Hausarzt in Isterberg ist unmöglich geworden - drei Wochen für einen normalen Termin! Als älterer Mensch mit Bluthochdruck kann ich nicht so lange warten, und der nächste Arzt ist 20 Kilometer entfernt.",Isterberg,Gemeinde,Niedersachsen,55-64,male,migrant_non_eu,221,35,False,False,False,True,11,5,26,34,8,3,True,True,True,False
ISS_20250613033838_9641,2024-08-03 09:07:00,Bildung,"Die Computerkurse für Senioren im Gemeindezentrum wurden ohne Ankündigung gestrichen. Wir älteren Bürger brauchen dringend Hilfe beim Umgang mit digitalen Behördengängen und Online-Terminen, aber es gibt keine Alternativen in Pinzberg.",Pinzberg,Gemeinde,Bayern,65+,male,citizen,235,30,False,False,False,False,9,5,3,31,8,3,True,True,True,False
ISS_20250613034131_7892,2023-01-04 03:00:00,Umwelt,Die Mülltonne an der Bushaltestelle Kirchstraße ist schon seit drei Wochen kaputt und überquillt. Der Gestank wird immer schlimmer und meine Enkelkinder müssen jeden Tag daran vorbei zur Schule.,Vettweiß,Gemeinde,Nordrhein-Westfalen,65+,female,migrant_non_eu,194,29,True,True,True,False,3,2,4,1,1,1,False,False,False,False
ISS_20250613033923_4951,2024-08-14 13:38:00,Bildung,"Die Kita meines Sohnes hat schon wieder wochenlang geschlossen, weil Erzieherinnen krank sind. Es kann nicht sein, dass berufstätige Eltern ständig Urlaub nehmen müssen, weil die Stadt zu wenig Personal einstellt.",Horn-Bad Meinberg,Stadt,Nordrhein-Westfalen,25-34,female,citizen,213,31,False,True,False,False,13,2,14,33,8,3,False,True,False,True
ISS_20250613034248_7899,2023-03-14 20:33:00,Umwelt,"Die Mülltrennung in unserem Studentenwohnheim funktioniert überhaupt nicht - es gibt nur einen Container für alles und der Hausmeister sagt, das sei normal. Können Sie uns bitte richtige Mülltonnen für Papier, Plastik und Restmüll aufstellen?",Burglengenfeld,Stadt,Bayern,18-24,male,migrant_eu,242,35,False,False,True,False,20,1,14,11,3,1,False,False,False,False
ISS_20250613033841_9097,2025-03-13 10:49:00,Umwelt,"Die Mülltrennung in unserem Wohngebiet funktioniert nicht richtig - die gelben Säcke werden oft tagelang nicht abgeholt und der Wind verteilt den Müll überall. Das sieht nicht nur schlecht aus, sondern lockt auch Ungeziefer an.",Großschirma,Stadt,Sachsen,55-64,male,migrant_eu,227,35,False,False,True,False,10,3,13,11,3,1,False,True,True,False
ISS_20250613034237_5077,2023-04-19 11:01:00,Umwelt,"Der Grünschnitt in unserem Wohngebiet wird seit über einem Monat nicht mehr abgeholt. Die Container quellen über und es stinkt furchtbar, besonders bei dem warmen Wetter. Wann wird das endlich wieder regelmäßig gemacht?",Schlüchtern,Stadt,Hessen,25-34,male,migrant_eu,219,33,False,False,True,False,11,2,19,16,4,2,False,True,True,False
ISS_20250613034046_6668,2024-10-28 10:52:00,Wirtschaft,Die Gewerbesteuer für kleine Betriebe in Gronau ist viel zu hoch im Vergleich zu Nachbarstädten. Dadurch wandern Unternehmen ab und wir verlieren Arbeitsplätze - das schadet unserer ganzen Region wirtschaftlich.,Gronau (Leine),Stadt,Niedersachsen,35-44,male,citizen,211,30,False,False,False,False,10,0,28,44,10,4,False,True,True,False
ISS_20250613034123_4277,2024-06-24 14:00:00,Migration,"Die Bearbeitung meines Antrags auf Familienzusammenführung dauert bereits acht Monate ohne jede Rückmeldung vom Ausländeramt. Meine Frau wartet in der Türkei und wir brauchen endlich eine Antwort, wie es weitergeht.",Mertendorf,Gemeinde,Sachsen-Anhalt,45-54,male,citizen,215,30,False,False,False,False,14,0,24,26,6,2,False,True,False,True
ISS_20250613033926_1329,2023-01-30 10:45:00,Verkehr,"Die Durchfahrt durch die Altstadt ist für Lastwagen viel zu eng - ständig bleiben Lkw in der Kirchgasse stecken und blockieren den ganzen Verkehr. Kann endlich ein Durchfahrtsverbot für Fahrzeuge über 7,5 Tonnen eingerichtet werden?",Hofheim i.UFr.,Stadt,Bayern,45-54,female,citizen,232,35,False,False,False,False,10,0,30,5,1,1,False,True,True,False
ISS_20250613034255_6813,2024-03-25 11:21:00,Gesundheit,"Die Wartezeit beim Hausarzt in Rott ist untragbar - drei Wochen für einen normalen Termin! Als EU-Bürger zahle ich hier Steuern und erwarte eine angemessene medizinische Versorgung, besonders in meinem Alter brauche ich regelmäßige Kontrollen.",Rott,Gemeinde,Rheinland-Pfalz,55-64,male,migrant_eu,243,35,False,False,False,True,11,0,25,13,3,1,False,True,True,False
ISS_20250613033933_6055,2023-06-02 08:48:00,Verkehr,"Die Bushaltestelle an der Grünthaler Straße hat seit Monaten kein Wartehäuschen mehr, und bei diesem Wetter stehen wir im Regen. Besonders für ältere Fahrgäste ist das unzumutbar - bitte sorgen Sie endlich für Ersatz.",Olbernhau,Stadt,Sachsen,45-54,diverse,migrant_eu,217,34,True,False,True,False,8,4,2,22,6,2,False,True,True,False
ISS_20250613033929_6638,2024-07-05 09:03:00,Bildung,"An der örtlichen Grundschule fällt seit Wochen regelmäßig der Sportunterricht aus, weil die Turnhalle wegen Wasserschäden gesperrt ist. Mein Kind und die anderen Schüler verpassen dadurch wichtige Bewegung und es gibt keinen Ersatzunterricht.",Niefern-Öschelbronn,Gemeinde,Baden-Württemberg,35-44,female,citizen,242,33,False,True,False,False,9,4,5,27,7,3,False,True,True,False
ISS_20250613034214_7984,2024-03-05 08:02:00,Gesundheit,"Die Wartezeit beim Hausarzt in Sundern ist unmöglich geworden - drei Wochen für einen normalen Termin! Meine Kinder waren krank und ich musste ins Nachbardorf fahren, weil hier kein Arzt Zeit hatte.",Sundern (Sauerland),Stadt,Nordrhein-Westfalen,35-44,male,citizen,198,32,False,False,False,True,8,1,5,10,3,1,False,True,True,False
ISS_20250613033812_7619,2025-01-04 07:43:00,Bildung,Die Schule meines Sohnes hat schon wieder zwei Tage wegen Heizungsausfall geschlossen. Das ist diesen Winter bereits das dritte Mal - so kann mein Kind nicht richtig lernen und ich muss ständig kurzfristig die Arbeit verlassen.,Marktschorgast,Gemeinde,Bayern,25-34,male,citizen,227,36,False,True,False,False,7,5,4,1,1,1,True,False,True,False
ISS_20250613034114_1192,2025-02-22 19:13:00,Wirtschaft,Die Gewerbesteuer für kleine Betriebe in Feilitzsch ist viel zu hoch im Vergleich zu Nachbargemeinden. Dadurch wandern Unternehmen ab und wir verlieren Arbeitsplätze. Das schadet der ganzen Region und muss dringend angepasst werden.,Feilitzsch,Gemeinde,Bayern,45-54,male,citizen,232,33,False,False,False,False,19,5,22,8,2,1,True,False,False,False
ISS_20250613034240_2123,2023-06-04 13:07:00,Bildung,"Die Kita in Lieser hat seit Monaten zu wenig Personal - mein Sohn wird oft früher abgeholt, weil Erzieherinnen fehlen. Das macht es unmöglich, Vollzeit zu arbeiten, und andere Eltern haben das gleiche Problem.",Lieser,Gemeinde,Rheinland-Pfalz,25-34,female,citizen,209,34,False,True,False,False,13,6,4,22,6,2,True,True,False,True
ISS_20250613033758_9173,2023-03-02 09:34:00,Gesundheit,"Die Wartezeit beim Hausarzt in Breitbrunn beträgt mittlerweile über drei Wochen für einen normalen Termin. Als Student ohne Auto ist es unmöglich, rechtzeitig einen Arzt in den Nachbargemeinden zu erreichen, wenn man krank ist.",Breitbrunn,Gemeinde,Bayern,18-24,diverse,citizen,227,34,False,False,False,True,9,3,2,9,3,1,False,True,True,False
ISS_20250613034204_3794,2024-12-31 09:45:00,Gesundheit,"Die Wartezeit beim Hausarzt hier in Neuenkirchen beträgt mittlerweile über drei Wochen für einen normalen Termin. Für berufstätige Mütter wie mich ist das untragbar, besonders wenn die Kinder krank sind und schnell behandelt werden müssen.",Neuenkirchen,Gemeinde,Niedersachsen,35-44,female,citizen,239,35,False,False,False,True,9,1,31,1,12,4,False,True,True,False
ISS_20250613033925_1291,2023-09-16 02:17:00,Verkehr,"Die Bushaltestelle an der Hauptstraße hat seit Monaten kein Wartehäuschen mehr, und bei Regen stehen die Fahrgäste völlig im Nassen. Besonders für ältere Leute wie mich ist das ein Problem, wenn man länger auf den Bus warten muss.",Daleiden,Gemeinde,Rheinland-Pfalz,55-64,female,citizen,230,38,True,False,False,False,2,5,16,37,9,3,True,False,False,False
ISS_20250613034216_7192,2023-05-04 21:18:00,Migration,"Die Sprachkurse für Migranten in unserem Stadtteil sind völlig überfüllt. Meine Nachbarn warten seit Monaten auf einen Platz und können deshalb nicht richtig Deutsch lernen, was die Integration sehr erschwert.",Wörth am Rhein,Stadt,Rheinland-Pfalz,55-64,male,citizen,209,30,False,False,False,False,21,3,4,18,5,2,False,False,False,False
ISS_20250613034053_7650,2024-04-18 06:00:00,Digitalisierung,"Das Online-Portal der Stadt funktioniert seit Tagen nicht richtig - ich kann meinen Wohnsitz nicht ummelden und bekomme ständig Fehlermeldungen. Als junger Mensch erwarte ich, dass digitale Behördengänge endlich funktionieren.",Beeskow,Stadt,Brandenburg,18-24,male,citizen,226,30,False,False,False,False,6,3,18,16,4,2,False,False,True,False
ISS_20250613034257_4333,2023-05-31 08:50:00,Sicherheit,"Die Straßenbeleuchtung in der Dorfstraße ist seit Wochen kaputt, wodurch der Weg zur Bushaltestelle abends völlig dunkel ist. Als alleinstehende Frau fühle ich mich sehr unsicher und bitte um schnelle Reparatur der Lampen.",Löwenberger Land,Gemeinde,Brandenburg,25-34,female,citizen,222,33,True,False,False,False,8,2,31,22,5,2,False,True,True,False
ISS_20250613034117_6808,2024-04-24 17:53:00,Gesundheit,"Die Wartezeit für einen Facharzttermin beim Orthopäden hier in Burbach beträgt über vier Monate. Meine Rückenschmerzen verschlimmern sich täglich, aber ich bekomme einfach keinen Termin - das kann doch nicht normal sein!",Burbach,Gemeinde,Nordrhein-Westfalen,35-44,female,citizen,220,32,False,False,False,True,17,2,24,17,4,2,False,True,False,True
ISS_20250613034202_4566,2025-01-14 18:32:00,Migration,Die Bearbeitung meines Antrags auf Familienzusammenführung dauert bereits acht Monate ohne jede Rückmeldung. Meine Frau wartet in der Heimat und wir brauchen endlich eine Antwort oder wenigstens Informationen zum aktuellen Stand des Verfahrens.,Alt Bukow,Gemeinde,Mecklenburg-Vorpommern,25-34,male,citizen,244,33,False,False,False,False,18,1,14,3,1,1,False,False,False,True
ISS_20250613034124_3209,2024-02-02 02:36:00,Bildung,"Meine Enkelin besucht die Martini-Grundschule in Greven und erzählt mir ständig, dass Musikstunden ausfallen, weil kein Lehrer da ist. Das ist doch kein Zustand - die Kinder haben ein Recht auf ordentlichen Unterricht in allen Fächern!",Greven,Stadt,Nordrhein-Westfalen,55-64,female,citizen,235,36,False,True,False,False,2,4,2,5,2,1,False,False,False,False
ISS_20250613034133_2193,2024-03-28 15:52:00,Wirtschaft,"Die Baustelle am Neuen Wall blockiert seit Monaten den Zugang zu den Geschäften und viele Läden verlieren Kunden. Als Anwohner sehe ich täglich, wie die lokale Wirtschaft leidet - wann wird endlich eine Lösung gefunden?",Hamburg,Stadt,Hamburg,55-64,male,citizen,219,35,False,False,False,False,15,3,28,13,3,1,False,True,False,True
ISS_20250613034011_6690,2024-02-02 02:33:00,Sicherheit,"Die Straßenbeleuchtung in der Wallfahrtstraße ist seit drei Wochen kaputt, wodurch der Gehweg abends völlig dunkel ist. Als Anwohner mache ich mir Sorgen um die Sicherheit, besonders für ältere Mitbürger und Kinder auf dem Schulweg.",Triberg im Schwarzwald,Stadt,Baden-Württemberg,45-54,male,citizen,232,35,True,False,False,False,2,4,2,5,2,1,False,False,False,False
ISS_20250613034001_7078,2024-10-25 02:20:00,Verkehr,"Die Hauptstraße durch Neu Gülze ist voller Schlaglöcher und kaum noch befahrbar. Besonders vor der Dorfkirche ist die Straße so kaputt, dass man mit dem Auto nur im Schritttempo fahren kann - das muss dringend repariert werden.",Neu Gülze,Gemeinde,Mecklenburg-Vorpommern,35-44,male,citizen,227,37,True,False,False,False,2,4,25,43,10,4,False,False,False,False
ISS_20250613034137_5977,2025-02-04 16:32:00,Wirtschaft,"Die Jobcenter-Beratung für Wiedereinstieg nach Familienzeit ist völlig unzureichend. Meine Qualifikationen aus dem Ausland werden nicht anerkannt und ich bekomme keine Unterstützung für Weiterbildungen, obwohl ich arbeiten möchte.",Galenbeck,Gemeinde,Mecklenburg-Vorpommern,55-64,female,migrant_non_eu,230,28,False,False,False,False,16,1,4,6,2,1,False,True,False,True
ISS_20250613033723_5933,2023-08-20 03:49:00,Gesundheit,"Die Wartezeit beim Hausarzt in Spremberg ist unzumutbar - drei Wochen für einen normalen Termin! Besonders für Berufstätige ist das ein Problem, da die Sprechzeiten sehr begrenzt sind und man ständig Arbeitszeit verlieren muss.",Spremberg,Stadt,Brandenburg,25-34,male,citizen,227,34,False,False,False,True,3,6,20,33,8,3,True,False,False,False
ISS_20250613034134_2875,2023-09-22 00:48:00,Umwelt,Die Mülleimer im Stadtpark sind seit über einer Woche überfüllt und der Abfall liegt überall verstreut herum. Besonders am Spielplatz ist es unhygienisch für die Kinder und lockt bereits Ungeziefer an.,Arzberg,Gemeinde,Sachsen,25-34,female,citizen,201,31,False,False,True,False,0,4,22,38,9,3,False,False,False,False
ISS_20250613034121_6654,2023-04-22 03:52:00,Verkehr,"Die Bushaltestelle an der Dorfstraße hat kein Wartehäuschen und bei Regen stehen die Leute im Wasser. Besonders für ältere Bürger ist das unzumutbar, wenn der Bus mal wieder 20 Minuten Verspätung hat.",Dummerstorf,Gemeinde,Mecklenburg-Vorpommern,25-34,male,citizen,200,32,True,False,False,False,3,5,22,16,4,2,True,False,False,False
ISS_20250613033859_3367,2024-12-01 12:23:00,Sicherheit,"Der Fußweg entlang der Elbe ist abends völlig unbeleuchtetet und durch kaputte Gehwegplatten gefährlich. Mehrere Senioren sind dort bereits gestürzt, aber passiert ist bisher nichts zur Verbesserung der Situation.",Tangerhütte,Stadt,Sachsen-Anhalt,45-54,male,citizen,213,29,False,False,False,False,12,6,1,48,12,4,True,True,True,True
ISS_20250613034202_6940,2024-07-18 06:12:00,Bildung,"Die Schulbusse in Ehra-Lessien kommen regelmäßig 10-15 Minuten zu spät, wodurch mein Sohn bereits mehrfach den Unterrichtsbeginn verpasst hat. Das kann so nicht weitergehen - die Kinder haben ein Recht auf pünktlichen Transport zur Schule.",Ehra-Lessien,Gemeinde,Niedersachsen,45-54,male,citizen,239,35,True,True,False,False,6,3,18,29,7,3,False,False,True,False
ISS_20250613034212_1585,2023-10-13 08:03:00,Bildung,Die Computerausstattung an unserer Berufsschule ist völlig veraltet - die PCs sind mindestens 10 Jahre alt und stürzen ständig ab. Wie sollen wir uns so auf die Digitalisierung vorbereiten? Das ist ein Witz für unsere Zukunft!,Wilsdruff,Stadt,Sachsen,18-24,female,citizen,226,36,False,True,False,False,8,4,13,41,10,4,False,True,True,False
ISS_20250613033919_8537,2024-10-01 10:18:00,Verkehr,"Die Schlaglöcher in der Dorfstraße sind nach dem Winter so tief geworden, dass man kaum noch durchfahren kann. Mein Auto hat schon Schäden am Fahrwerk und andere Anwohner haben das gleiche Problem - wann wird endlich repariert?",Krembz,Gemeinde,Mecklenburg-Vorpommern,25-34,male,citizen,227,37,True,False,False,False,10,1,1,40,10,4,False,True,True,False
ISS_20250613034007_4010,2024-04-28 03:08:00,Umwelt,"Die Mülltonnen an der Bushaltestelle Dorfstraße quellen seit einer Woche über und der Gestank ist unerträglich. Außerdem liegt überall Abfall rum, weil die Leute ihren Müll einfach daneben stellen wenn die Tonnen voll sind.",Selmsdorf,Gemeinde,Mecklenburg-Vorpommern,35-44,male,citizen,223,34,True,False,True,False,3,6,28,17,4,2,True,False,False,False
ISS_20250613034036_3907,2024-06-26 17:58:00,Bildung,"In der Oberschule Nuthe-Urstromtal fällt seit Monaten regelmäßig der Physikunterricht aus, weil kein Fachlehrer da ist. Mein Sohn verpasst dadurch wichtigen Lernstoff für seinen Abschluss nächstes Jahr.",Nuthe-Urstromtal,Gemeinde,Brandenburg,45-54,male,citizen,202,27,False,True,False,False,17,2,26,26,6,2,False,True,False,True
ISS_20250613034211_9551,2023-03-03 20:51:00,Verkehr,"Die Geschwindigkeitsbegrenzung von 30 km/h in der Ortsdurchfahrt wird ständig missachtet, besonders von LKW-Fahrern. Als Rentner mit Rollator fühle ich mich beim Überqueren der Straße sehr unsicher und bitte um regelmäßige Geschwindigkeitskontrollen.",Bakum,Gemeinde,Niedersachsen,65+,male,citizen,250,32,True,False,False,False,20,4,3,9,3,1,False,False,False,False
ISS_20250613033811_6649,2025-01-12 10:56:00,Gesundheit,"Die Wartezeit für einen Termin beim Hausarzt in Bad Schussenried beträgt mittlerweile über vier Wochen. Als berufstätige Mutter ist es unmöglich, spontan einen Arzt zu finden, wenn mein Kind krank wird - das kann so nicht weitergehen.",Bad Schussenried,Stadt,Baden-Württemberg,35-44,female,citizen,234,37,False,False,False,True,10,6,12,2,1,1,True,True,True,False
ISS_20250613034013_7916,2023-09-21 07:50:00,Wirtschaft,"Die kleinen Geschäfte in unserem Ortszentrum stehen alle leer, weil die Mieten zu hoch sind und keine Unterstützung von der Gemeinde kommt. Unsere Dorfmitte stirbt aus und wir müssen für alles nach Strausberg fahren.",Rehfelde,Gemeinde,Brandenburg,45-54,female,citizen,216,34,False,False,False,False,7,3,21,38,9,3,False,False,True,False
ISS_20250613033958_5180,2023-04-13 22:48:00,Sicherheit,Der Fußweg vom Bahnhof zur Innenstadt ist abends völlig unbeleuchtet und macht mir als junge Frau richtig Angst. Könnten Sie bitte endlich die kaputten Straßenlaternen reparieren oder neue aufstellen?,Utecht,Gemeinde,Mecklenburg-Vorpommern,18-24,female,citizen,200,29,True,False,False,False,22,3,13,15,4,2,False,False,False,False
ISS_20250613034234_7222,2024-08-10 10:08:00,Verkehr,"Die Baustelle an der B515 Richtung Iserlohn dauert jetzt schon über drei Monate und es passiert nichts. Jeden Morgen stehe ich eine halbe Stunde im Stau, weil die Umleitung völlig überlastet ist. Wann wird das endlich fertig?",Menden (Sauerland),Stadt,Nordrhein-Westfalen,45-54,male,citizen,225,37,True,False,False,False,10,5,10,32,8,3,True,True,True,False
ISS_20250613033814_4686,2023-12-29 06:50:00,Umwelt,Die Grünabfälle am Waldrand hinter der Wohnstraße werden seit Monaten nicht abgeholt und beginnen zu verwesen. Der Gestank ist unerträglich und es sammeln sich Ungeziefer und Ratten dort. Bitte um schnelle Beseitigung durch die Stadtreinigung.,Kleve,Stadt,Nordrhein-Westfalen,55-64,male,citizen,243,35,True,False,True,False,6,4,29,52,12,4,False,False,True,False
ISS_20250613034037_4564,2023-08-25 01:29:00,Migration,Das Ausländeramt in Straubing hat völlig überlastete Termine - ich warte seit drei Monaten auf einen Termin für meinen Aufenthaltstitel und kann deshalb nicht arbeiten. Bitte mehr Personal einstellen oder Online-Services ausbauen.,Laberweinting,Gemeinde,Bayern,35-44,male,migrant_eu,230,32,False,False,False,False,1,4,25,34,8,3,False,False,False,False
ISS_20250613034258_6546,2023-12-13 13:40:00,Sicherheit,Die Beleuchtung am Fußweg entlang der Oder zwischen Ziegeleipark und Innenstadt ist seit Monaten kaputt. Abends ist es dort stockdunkel und als Pendler fühle ich mich sehr unsicher - könnte da bitte jemand die Laternen reparieren?,Frankfurt (Oder),Stadt,Brandenburg,35-44,male,citizen,230,36,False,False,False,False,13,2,13,50,12,4,False,True,False,True
ISS_20250613033800_7592,2024-07-21 18:29:00,Digitalisierung,Das Online-Portal der Stadt ist seit drei Wochen nicht erreichbar und ich kann meinen Antrag für den neuen Personalausweis nicht einreichen. Die Hotline ist ständig besetzt und niemand hilft mir weiter.,Trebbin,Stadt,Brandenburg,35-44,male,citizen,202,31,False,False,False,False,18,6,21,29,7,3,True,False,False,True
ISS_20250613034020_5665,2024-04-27 01:22:00,Verkehr,Die Baustelle in der Poststraße dauert schon drei Monate und es gibt keine Umleitung - jeden Morgen stehe ich im Stau und komme zu spät zur Arbeit. Wann ist das endlich fertig?,Soltau,Stadt,Niedersachsen,35-44,female,citizen,176,32,True,False,False,False,1,5,27,17,4,2,True,False,False,False
ISS_20250613034001_9506,2025-03-27 05:47:00,Sicherheit,"Die Straßenbeleuchtung in der Industriestraße ist seit Monaten kaputt, nachts ist es dort stockdunkel. Als Schichtarbeiter muss ich dort täglich lang und fühle mich sehr unsicher, besonders im Winter wenn ich spät nach Hause gehe.",Straelen,Stadt,Nordrhein-Westfalen,45-54,male,migrant_non_eu,230,35,True,False,False,False,5,3,27,13,3,1,False,False,False,False
ISS_20250613033851_3351,2023-03-04 22:40:00,Bildung,Die Computerausstattung an unserer Berufsschule ist völlig veraltet - die meisten PCs sind über zehn Jahre alt und stürzen ständig ab. Wie sollen wir uns so auf die Digitalisierung in der Arbeitswelt vorbereiten?,Hessisch Oldendorf,Stadt,Niedersachsen,18-24,male,citizen,212,33,False,True,False,False,22,5,4,9,3,1,True,False,False,False
ISS_20250613033818_4102,2023-03-26 06:07:00,Verkehr,"Die Bushaltestelle an der Dorfstraße hat seit Monaten kein Wartehäuschen mehr, nachdem das alte vom Sturm beschädigt wurde. Besonders für ältere Bürger ist das Warten bei Regen und Kälte eine Zumutung.",Byhleguhre-Byhlen,Gemeinde,Brandenburg,45-54,male,citizen,201,31,True,False,False,False,6,6,26,12,3,1,True,False,True,False
ISS_20250613034238_5625,2023-07-06 13:57:00,Bildung,"Die Schulbusse nach Zirkow fallen ständig aus oder kommen zu spät, wodurch meine Kinder regelmäßig Unterricht verpassen. Das ist seit Monaten ein Problem und die Gemeinde unternimmt nichts dagegen.",Zirkow,Gemeinde,Mecklenburg-Vorpommern,35-44,male,citizen,197,29,True,True,False,False,13,3,6,27,7,3,False,True,False,True
ISS_20250613034138_2929,2023-01-05 10:21:00,Verkehr,"Die Parkplätze am Tegernsee sind chronisch überfüllt, besonders am Wochenende parken Touristen wild in Wohngebieten und blockieren Einfahrten. Als Anwohner finde ich oft keinen Parkplatz vor meinem eigenen Haus und muss weit laufen.",Rottach-Egern,Gemeinde,Bayern,45-54,male,citizen,232,33,True,False,False,False,10,3,5,1,1,1,False,True,True,False
ISS_20250613034049_3149,2024-08-18 02:03:00,Digitalisierung,"Das Online-Portal der Stadt für Anträge ist ständig überlastet und stürzt ab, wenn man versucht seinen Personalausweis zu beantragen. Als junger Mensch erwarte ich, dass digitale Behördengänge im Jahr 2024 endlich funktionieren.",Templin,Stadt,Brandenburg,18-24,male,citizen,228,32,False,False,False,False,2,6,18,33,8,3,True,False,False,False
ISS_20250613034255_6846,2024-07-01 12:09:00,Digitalisierung,"Das Online-Portal der Gemeinde ist eine Katastrophe - ständig stürzt es ab und man kann keine Anträge stellen. Warum muss alles digital sein, wenn es nicht funktioniert? Ich brauche einen Termin im Bürgerbüro, aber selbst das geht online nicht.",Nehmten,Gemeinde,Schleswig-Holstein,55-64,male,citizen,244,39,False,False,False,False,12,0,1,27,7,3,False,True,True,True
ISS_20250613034018_2941,2023-08-25 03:04:00,Gesundheit,"Die Wartezeit beim Hausarzt in der Innenstadt beträgt mittlerweile über drei Wochen für einen normalen Termin. Als EU-Bürger habe ich zwar eine Krankenversicherung, aber die Ärztemangel-Situation hier in Naumburg ist wirklich problematisch geworden.",Naumburg,Stadt,Hessen,25-34,male,migrant_eu,249,33,False,False,False,True,3,4,25,34,8,3,False,False,False,False
ISS_20250613034121_8107,2023-06-13 15:55:00,Wirtschaft,Die Gewerbesteuer für kleine Betriebe in Gundelfingen ist viel zu hoch im Vergleich zu Nachbargemeinden. Dadurch siedeln sich keine neuen Unternehmen an und junge Leute wie ich finden hier keine Ausbildungsplätze oder Jobs nach dem Studium.,Gundelfingen a.d.Donau,Stadt,Bayern,18-24,male,citizen,240,36,False,False,False,False,15,1,13,24,6,2,False,True,False,True
ISS_20250613033801_5659,2025-01-18 15:34:00,Wirtschaft,"Die Gewerbesteuer für kleine Betriebe in Simbach ist viel zu hoch im Vergleich zu den Nachbargemeinden. Viele lokale Geschäfte kämpfen ums Überleben, während anderswo die Unternehmen bessere Bedingungen haben und wegziehen.",Simbach,Gemeinde,Bayern,45-54,female,citizen,223,31,False,False,False,False,15,5,18,3,1,1,True,True,False,True
ISS_20250613034042_1252,2023-06-18 10:58:00,Wirtschaft,"Die Gewerbeanmeldung für meinen kleinen Laden dauert jetzt schon über zwei Monate - das ist völlig inakzeptabel! Ich verliere täglich Geld, weil ich nicht öffnen kann, während die Bürokratie ewig braucht.",Berghülen,Gemeinde,Baden-Württemberg,45-54,female,citizen,204,31,False,False,False,False,10,6,18,24,6,2,True,True,True,False
ISS_20250613034159_5858,2024-08-17 19:39:00,Verkehr,"Die Baustelle auf der B101 Richtung Berlin dauert jetzt schon drei Monate und es gibt keine Umleitung. Jeden Morgen stehe ich eine Stunde im Stau, weil nur eine Spur frei ist. Wann wird das endlich fertig?",Ludwigsfelde,Stadt,Brandenburg,45-54,male,citizen,205,36,True,False,False,False,19,5,17,33,8,3,True,False,False,False
ISS_20250613033923_2056,2023-01-10 13:47:00,Gesundheit,"Die Wartezeit beim Hausarzt hier in Beilngries ist unmöglich - drei Wochen für einen normalen Termin! Als EU-Bürger habe ich die gleichen Rechte, aber finde trotzdem keinen Arzt, der neue Patienten aufnimmt.",Beilngries,Stadt,Bayern,25-34,male,migrant_eu,207,32,False,False,False,True,13,1,10,2,1,1,False,True,False,True
ISS_20250613033932_7438,2023-05-21 11:03:00,Verkehr,"Die Geschwindigkeitsbegrenzung in der Schulstraße wird täglich von Autofahrern ignoriert, besonders morgens zur Schulzeit. Meine Kinder haben Angst, die Straße zu überqueren, weil viele Autos viel zu schnell fahren.",Langenzenn,Stadt,Bayern,35-44,female,citizen,215,29,True,False,False,False,11,6,21,20,5,2,True,True,True,False
ISS_20250613033648_4186,2024-12-06 11:23:00,Wirtschaft,"Die örtlichen Geschäfte in Siek schließen nach und nach, weil die Mieten zu hoch sind und keine Nachfolger gefunden werden. Unsere Gemeinde verliert dadurch ihre Lebendigkeit und wir müssen immer weiter fahren zum Einkaufen.",Siek,Gemeinde,Schleswig-Holstein,55-64,female,citizen,224,34,False,False,False,False,11,4,6,49,12,4,False,True,True,False
ISS_20250613034005_3533,2023-04-28 09:30:00,Sicherheit,"Die Beleuchtung am Fußweg zwischen Bahnhof und Ortsmitte ist seit einem Monat kaputt. Als junge Frau fühle ich mich abends sehr unsicher, wenn ich von der Arbeit nach Hause laufe, weil der Weg komplett dunkel ist.",Leutenbach,Gemeinde,Baden-Württemberg,18-24,female,citizen,213,36,True,False,False,False,9,4,28,17,4,2,False,True,True,False
ISS_20250613034215_8048,2024-10-23 08:09:00,Digitalisierung,"Die Online-Terminbuchung für die Ausländerbehörde funktioniert seit Wochen nicht richtig - die Seite lädt nicht oder stürzt ab. Für meinen Aufenthaltstitel brauche ich dringend einen Termin, aber telefonisch ist niemand erreichbar.",Rödelsee,Gemeinde,Bayern,35-44,male,migrant_non_eu,231,31,False,False,False,False,8,2,23,43,10,4,False,True,True,False
ISS_20250613034234_2532,2023-05-23 08:35:00,Umwelt,"Die Mülltrennung in unserem Wohngebiet an der Hildesheimer Straße funktioniert überhaupt nicht - die Tonnen stehen wild durcheinander und der Gelbe Sack wird nur alle zwei Wochen abgeholt, obwohl er schon nach einer Woche überquillt.",Laatzen,Stadt,Niedersachsen,35-44,male,citizen,233,35,True,False,True,False,8,1,23,21,5,2,False,True,True,False
ISS_20250613033645_2701,2024-04-12 20:14:00,Gesundheit,Die Wartezeit beim Hausarzt in Ibbenbüren ist unmöglich geworden - drei Wochen für einen normalen Termin! Als junger Berufstätiger kann ich nicht ewig auf wichtige Untersuchungen warten. Wir brauchen dringend mehr Ärzte in der Stadt.,Ibbenbüren,Stadt,Nordrhein-Westfalen,18-24,male,citizen,233,35,False,False,False,True,20,4,12,15,4,2,False,False,False,False
ISS_20250613033730_8882,2023-06-15 20:37:00,Bildung,Die Turnhalle der Grundschule in Charlottenburg ist seit drei Monaten wegen Wasserschädens gesperrt. Mein Sohn hat seitdem keinen Sportunterricht mehr und die Schule kann keinen Ersatzraum organisieren.,Berlin,Stadt,Berlin,45-54,male,citizen,202,27,False,True,False,False,20,3,15,24,6,2,False,False,False,False
ISS_20250613034133_5051,2023-06-08 16:20:00,Wirtschaft,"Die Gewerbesteuer für kleine Betriebe in Weischlitz ist viel zu hoch im Vergleich zu Nachbargemeinden. Dadurch wandern Unternehmen ab und wir verlieren Arbeitsplätze. Bitte senken Sie die Sätze, damit unsere Wirtschaft wieder wachsen kann.",Weischlitz,Gemeinde,Sachsen,45-54,male,citizen,239,34,False,False,False,False,16,3,8,23,6,2,False,True,False,True
ISS_20250613034137_1629,2023-07-21 09:03:00,Digitalisierung,"Die Online-Terminbuchung für das Bürgerbüro funktioniert seit Wochen nicht richtig - ständig Fehlermeldungen oder keine freien Termine verfügbar. Für berufstätige Eltern ist es unmöglich, ohne digitale Lösungen rechtzeitig Termine zu bekommen.",Ettenheim,Stadt,Baden-Württemberg,35-44,male,migrant_eu,243,31,False,False,False,False,9,4,21,29,7,3,False,True,True,False
ISS_20250613034256_8614,2024-11-16 18:54:00,Wirtschaft,"Die Jobsuche nach meiner Ausbildung ist hoffnungslos - alle Betriebe hier suchen nur erfahrene Kräfte. Warum unterstützt die Gemeinde nicht mehr junge Unternehmen, die auch Berufsanfängern eine Chance geben würden?",Häuslingen,Gemeinde,Niedersachsen,18-24,male,citizen,214,30,False,False,False,False,18,5,16,46,11,4,True,False,False,True
ISS_20250613033743_5110,2023-10-27 13:14:00,Migration,Die Bearbeitung meines Antrags auf Familienzusammenführung dauert bereits acht Monate ohne jede Rückmeldung vom Ausländeramt. Meine Kinder warten in der Heimat und ich brauche endlich eine Auskunft über den Stand des Verfahrens.,Ohrdruf,Stadt,Thüringen,35-44,female,citizen,228,32,False,False,False,False,13,4,27,43,10,4,False,True,False,True
ISS_20250613033841_6665,2025-04-20 12:01:00,Bildung,"In der Realschule hier gibt es viel zu wenig Deutschförderung für Schüler wie mich, die aus anderen EU-Ländern kommen. Wir brauchen mehr Unterstützung beim Lernen, sonst schaffen wir den Abschluss nicht.",Seitingen-Oberflacht,Gemeinde,Baden-Württemberg,18-24,male,migrant_eu,203,31,False,True,False,False,12,6,20,16,4,2,True,True,True,True
ISS_20250613034248_4856,2023-09-01 11:30:00,Gesundheit,"Die Wartezeit für einen Facharzttermin beim Orthopäden in Goch beträgt über vier Monate. Meine Rückenschmerzen verschlimmern sich täglich, aber ich bekomme einfach keinen Termin. Das kann doch nicht normal sein in einer Stadt wie Goch.",Goch,Stadt,Nordrhein-Westfalen,35-44,male,citizen,235,35,False,False,False,True,11,4,1,35,9,3,False,True,True,False
ISS_20250613034040_4724,2023-11-26 19:10:00,Gesundheit,"Die Wartezeit beim Hausarzt in Neuendettelsau ist unmöglich geworden - drei Wochen für einen normalen Termin! Für uns Berufstätige ist das nicht machbar, und bei akuten Beschwerden muss man gleich ins Krankenhaus fahren.",Neuendettelsau,Gemeinde,Bayern,45-54,male,citizen,220,33,False,False,False,True,19,6,26,47,11,4,True,False,False,False
ISS_20250613034206_9744,2024-09-28 12:22:00,Gesundheit,"Die Wartezeit für einen Facharzttermin beim Orthopäden hier in Meyenburg beträgt über vier Monate. Meine Rückenschmerzen verschlimmern sich täglich, aber ich bekomme einfach keinen zeitnahen Termin - das kann doch nicht normal sein!",Meyenburg,Stadt,Brandenburg,45-54,female,citizen,232,33,False,False,False,True,12,5,28,39,9,3,True,True,True,True
ISS_20250613033954_7463,2024-11-05 14:39:00,Wirtschaft,"Die neuen Parkgebühren in der Innenstadt sind viel zu hoch und schaden den kleinen Geschäften. Seit der Erhöhung kommen weniger Kunden, weil sie lieber zum Einkaufszentrum außerhalb fahren.",Pockau-Lengefeld,Stadt,Sachsen,35-44,female,citizen,189,28,False,False,False,False,14,1,5,45,11,4,False,True,False,True
ISS_20250613033726_6250,2023-12-25 11:21:00,Umwelt,"Die Firma am Industriegebiet West leitet seit Wochen übelriechende Abwässer in den Bach, der durch unser Wohngebiet fließt. Meine Nachbarn und ich können kaum noch die Fenster öffnen wegen des Gestanks.",Reichenbach an der Fils,Gemeinde,Baden-Württemberg,45-54,male,citizen,202,31,False,False,False,False,11,0,25,52,12,4,False,True,True,False
ISS_20250613033929_7343,2023-07-01 01:32:00,Sicherheit,"Der Fußweg entlang der Förde zwischen Museumsberg und Hafen ist abends völlig unbeleuchtet und sehr unsicher. Als ältere Frau traue ich mich dort nach Einbruch der Dunkelheit nicht mehr lang, obwohl es mein täglicher Spazierweg ist.",Flensburg,Stadt,Schleswig-Holstein,55-64,female,citizen,232,36,False,False,False,False,1,5,1,26,7,3,True,False,False,False
ISS_20250613034152_5344,2023-06-03 07:16:00,Umwelt,"Der Grünstreifen entlang der S-Bahn-Strecke in Oberasbach ist völlig vermüllt. Seit Monaten sammelt sich dort Plastikmüll und Zigarettenstummel, das sieht nicht nur schlimm aus, sondern ist auch schlecht für die Umwelt.",Oberasbach,Stadt,Bayern,18-24,male,citizen,219,31,True,False,True,False,7,5,3,22,6,2,True,False,True,False
ISS_20250613033659_9114,2023-06-16 19:43:00,Bildung,"Die Bushaltestelle bei unserer Berufsschule hat kein Wartehäuschen und bei Regen stehen wir völlig im Nassen. Viele Schüler kommen dann zu spät zum Unterricht oder werden krank, weil der Bus nur alle 30 Minuten fährt.",Frankenstein,Gemeinde,Rheinland-Pfalz,18-24,female,citizen,217,35,True,True,False,False,19,4,16,24,6,2,False,False,False,False
ISS_20250613034127_8608,2024-01-15 09:51:00,Umwelt,"Der Containerplatz an der Zwickauer Straße quillt seit einer Woche über und der Müll liegt überall verstreut rum. Die Anwohner sind sauer, weil es stinkt und die Ratten sich vermehren - wann wird das endlich ordentlich geleert?",Reichenbach im Vogtland,Stadt,Sachsen,35-44,male,citizen,227,37,True,False,True,False,9,0,15,3,1,1,False,True,True,False
ISS_20250613034241_3084,2023-12-24 23:09:00,Verkehr,"Die Bahnhofstraße ist seit der Baustelle eine einzige Schlaglochpiste. Mein Auto hat schon zweimal Schäden an der Achse bekommen, und andere Autofahrer weichen gefährlich in den Gegenverkehr aus, um den schlimmsten Löchern auszuweichen.",Jarmen,Stadt,Mecklenburg-Vorpommern,55-64,male,citizen,236,33,True,False,False,False,23,6,24,51,12,4,True,False,False,False
ISS_20250613033649_5248,2023-11-10 08:00:00,Digitalisierung,"Die Online-Terminbuchung für das Bürgerbüro funktioniert seit Wochen nicht richtig - man kann zwar Termine auswählen, aber bekommt keine Bestätigung. Muss ich wirklich extra nach Diepholz fahren, nur um einen simplen Meldezettel zu beantragen?",Schwaförden,Gemeinde,Niedersachsen,25-34,female,citizen,243,34,False,False,False,False,8,4,10,45,11,4,False,True,True,False
ISS_20250613034152_8034,2024-07-30 06:57:00,Wirtschaft,"Die Gewerbesteuer für kleine Betriebe in Steyerberg ist viel zu hoch im Vergleich zu Nachbargemeinden. Dadurch wandern Unternehmen ab und wir verlieren Arbeitsplätze. Bitte senken Sie die Sätze, damit unsere örtliche Wirtschaft wieder wachsen kann.",Steyerberg,Gemeinde,Niedersachsen,25-34,male,citizen,248,35,False,False,False,False,6,1,30,31,7,3,False,False,True,False
ISS_20250613034014_5997,2023-01-03 00:47:00,Digitalisierung,"Die Online-Terminbuchung für den Bürgerservice ist seit drei Wochen außer Betrieb. Ich muss jedes Mal persönlich vorbeikommen und dann ewig warten, weil alle Termine nur noch vor Ort vergeben werden - das kann doch nicht sein!",Gransee,Stadt,Brandenburg,35-44,male,citizen,226,36,False,False,False,False,0,1,3,1,1,1,False,False,False,False
ISS_20250613034202_7261,2025-02-12 02:20:00,Sicherheit,"Die Straßenbeleuchtung zwischen dem Bahnhof und der Ortsmitte ist seit Wochen kaputt. Abends ist es dort stockfinster und als junger Mann fühle ich mich unsicher, wenn ich von der Arbeit nach Hause laufe.",Nußdorf a.Inn,Gemeinde,Bayern,18-24,male,citizen,204,33,True,False,False,False,2,2,12,7,2,1,False,False,False,False
ISS_20250613034238_4669,2023-06-10 12:31:00,Gesundheit,Die Wartezeit beim Hausarzt in Maulburg beträgt mittlerweile über drei Wochen für einen normalen Termin. Als chronisch Kranke bin ich auf regelmäßige Kontrollen angewiesen und finde diese Situation untragbar für unsere kleine Gemeinde.,Maulburg,Gemeinde,Baden-Württemberg,55-64,female,citizen,235,33,False,False,False,True,12,5,10,23,6,2,True,True,True,True
ISS_20250613033809_6457,2023-04-23 07:25:00,Sicherheit,"Am Bahnhof Saerbeck ist abends die Beleuchtung total schlecht und es hängen immer Jugendliche rum, die Leute anpöbeln. Letzte Woche wurde sogar jemand bedroht. Könnt ihr da nicht mehr Licht installieren oder öfter Streife fahren?",Saerbeck,Gemeinde,Nordrhein-Westfalen,18-24,male,citizen,229,35,True,False,False,False,7,6,23,16,4,2,True,False,True,False
ISS_20250613033855_7543,2023-01-26 01:07:00,Verkehr,Seit drei Wochen ist die Straßenbeleuchtung in der Dorfstraße komplett ausgefallen. Abends ist es dort stockdunkel und besonders für Fußgänger mit Kinderwagen sehr gefährlich - man sieht die Schlaglöcher und unebenen Stellen überhaupt nicht.,Schneppenbach,Gemeinde,Rheinland-Pfalz,25-34,female,citizen,241,34,True,False,False,False,1,3,26,4,1,1,False,False,False,False
ISS_20250613033652_6546,2025-03-31 10:45:00,Wirtschaft,"Die Gewerbeanmeldung für meinen kleinen Handwerksbetrieb dauert jetzt schon über zwei Monate. Ich kann nicht arbeiten und verliere täglich Aufträge, weil die Bearbeitung so langsam läuft. Das kann doch nicht normal sein!",Alt Zauche-Wußwerk,Gemeinde,Brandenburg,25-34,male,citizen,220,32,False,False,False,False,10,0,31,14,3,1,False,True,True,False
ISS_20250613034258_7235,2025-04-22 14:00:00,Migration,"Die Bearbeitung von Asylanträgen im Landkreis dauert viel zu lange - manche Familien warten über ein Jahr auf eine Entscheidung. Das führt zu Unsicherheit für alle Beteiligten und blockiert die Integration derjenigen, die bleiben dürfen.",Dargun,Stadt,Mecklenburg-Vorpommern,45-54,male,citizen,237,35,False,False,False,False,14,1,22,17,4,2,False,True,False,True
ISS_20250613034056_1219,2025-05-29 10:19:00,Digitalisierung,"Die Online-Terminbuchung für das Bürgerbüro funktioniert seit Wochen nicht richtig - man kann keine Termine auswählen und die Seite lädt ewig. Für jede Kleinigkeit muss man dann doch persönlich vorbeikommen, das ist total umständlich.",Ramsau b.Berchtesgaden,Gemeinde,Bayern,25-34,female,citizen,234,34,False,False,False,False,10,3,29,22,5,2,False,True,True,False
ISS_20250613033900_2910,2023-09-23 19:30:00,Umwelt,Die Mülltrennung in unserem Wohngebiet funktioniert nicht richtig - viele Nachbarn werfen alles zusammen in die Restmülltonne. Das zieht Ungeziefer an und riecht schlecht. Können Sie bitte Kontrollen machen oder besser informieren?,Stolzenau,Gemeinde,Niedersachsen,55-64,male,migrant_non_eu,231,32,False,False,True,False,19,5,23,38,9,3,True,False,False,False
ISS_20250613033651_6201,2024-08-08 12:28:00,Verkehr,"Die Baustelle in der Hauptstraße dauert jetzt schon drei Monate und es gibt keine Umleitung für Fußgänger. Besonders für uns ältere Bürger ist der weite Umweg über die Ingolstädter Straße eine Zumutung, vor allem bei schlechtem Wetter.",Pfaffenhofen a.d.Ilm,Stadt,Bayern,55-64,female,citizen,235,37,True,False,False,False,12,3,8,32,8,3,False,True,True,True
ISS_20250613034039_8469,2023-03-18 06:46:00,Migration,"Die Bearbeitung von Asylanträgen in unserer Gemeinde dauert viel zu lange. Manche Familien warten über ein Jahr auf eine Entscheidung, was für alle Beteiligten belastend ist und die Integration erschwert.",Osburg,Gemeinde,Rheinland-Pfalz,55-64,male,citizen,204,30,False,False,False,False,6,5,18,11,3,1,True,False,True,False
ISS_20250613034224_3357,2024-06-19 07:18:00,Digitalisierung,"Die Online-Terminbuchung für das Bürgerbüro funktioniert seit Wochen nicht richtig - man kann zwar Termine auswählen, aber bekommt keine Bestätigung. Telefonisch ist niemand erreichbar, und vor Ort muss man stundenlang warten.",Alsleben (Saale),Stadt,Sachsen-Anhalt,25-34,male,migrant_eu,226,31,False,False,False,False,7,2,19,25,6,2,False,False,True,False
ISS_20250613033736_6169,2025-04-01 11:06:00,Gesundheit,"Die Wartezeit beim Hausarzt in Schmalkalden ist unmöglich geworden - drei Wochen für einen normalen Termin! Für ältere Menschen wie mich ist das untragbar, besonders wenn man regelmäßig Medikamente braucht und Kontrollen hat.",Schmalkalden,Stadt,Thüringen,55-64,female,citizen,225,33,False,False,False,True,11,1,1,14,4,2,False,True,True,False
ISS_20250613034122_7521,2023-12-10 15:24:00,Gesundheit,Die Wartezeit beim Hausarzt in Nellingen ist unmöglich geworden - drei Wochen für einen normalen Termin und im Notfall sitzt man stundenlang im Wartezimmer. Als junger Berufstätiger kann ich mir das zeitlich nicht leisten.,Nellingen,Gemeinde,Baden-Württemberg,18-24,male,citizen,222,34,False,False,False,True,15,6,10,49,12,4,True,True,False,True
ISS_20250613033922_2970,2025-02-23 20:16:00,Digitalisierung,"Das Online-Portal der Gemeinde ist ständig überlastet und stürzt ab, wenn man Formulare ausfüllen will. Für einen einfachen Meldezettel muss ich trotzdem persönlich ins Rathaus, obwohl das digital gehen sollte.",Emtinghausen,Gemeinde,Niedersachsen,25-34,female,citizen,210,30,False,False,False,False,20,6,23,8,2,1,True,False,False,False
ISS_20250613033801_4726,2024-11-30 03:41:00,Digitalisierung,"Das Online-Portal der Stadt ist total veraltet und funktioniert auf dem Handy überhaupt nicht. Ich kann nicht mal einen simplen Antrag stellen, ohne dass die Seite abstürzt - das ist echt peinlich für 2024.",Schmallenberg,Stadt,Nordrhein-Westfalen,18-24,male,citizen,206,34,False,False,False,False,3,5,30,48,11,4,True,False,False,False
ISS_20250613034046_1266,2023-02-21 08:49:00,Migration,Die Sprachkurse für Migranten in unserer Gemeinde sind völlig überfüllt und es gibt monatelange Wartelisten. Meine Nachbarin wartet seit einem halben Jahr auf einen Platz und kann deshalb nicht richtig Deutsch lernen oder arbeiten.,Stockheim,Gemeinde,Bayern,35-44,female,citizen,231,34,False,False,False,False,8,1,21,8,2,1,False,True,True,False
ISS_20250613034124_8939,2025-05-31 02:07:00,Migration,"Die Bearbeitung meines Aufenthaltstitels dauert bereits über sechs Monate, obwohl alle Unterlagen vollständig eingereicht wurden. Meine Familie und ich sind dadurch in großer Unsicherheit bezüglich unserer beruflichen und privaten Planung.",Klipphausen,Gemeinde,Sachsen,35-44,male,migrant_non_eu,239,30,False,False,False,False,2,5,31,22,5,2,True,False,False,False
ISS_20250613033732_3626,2024-01-17 11:50:00,Migration,Die Bearbeitung meines Antrags auf Familienzusammenführung für meine Schwiegertochter aus der Ukraine dauert bereits acht Monate. Andere Gemeinden schaffen das in wenigen Wochen - warum ist das hier so kompliziert und langwierig?,Tiefenbach,Gemeinde,Bayern,55-64,female,citizen,229,32,False,False,False,False,11,2,17,3,1,1,False,True,True,False
ISS_20250613034053_4922,2023-01-03 13:19:00,Digitalisierung,Die Online-Terminbuchung für das Bürgerbüro funktioniert seit Wochen nicht richtig - man kann keine Termine auswählen und bekommt ständig Fehlermeldungen. Für einfache Behördengänge muss man jetzt wieder persönlich vorbeikommen und lange warten.,Inzell,Gemeinde,Bayern,45-54,male,citizen,245,32,False,False,False,False,13,1,3,1,1,1,False,True,False,True
ISS_20250613033915_2395,2024-12-23 07:18:00,Sicherheit,"Am Busbahnhof fehlt seit Monaten die Beleuchtung, wodurch es abends sehr dunkel und unheimlich ist. Besonders für uns Frauen ist das ein großes Sicherheitsrisiko - wir trauen uns kaum noch alleine zum Bus.",Kößlarn,Gemeinde,Bayern,45-54,female,citizen,205,33,True,False,False,False,7,0,23,52,12,4,False,False,True,False
ISS_20250613034114_6284,2023-01-20 06:45:00,Wirtschaft,Die Gewerbesteuer für kleine Betriebe in Elsteraue ist viel zu hoch im Vergleich zu den Nachbargemeinden. Dadurch wandern Unternehmen ab und wir verlieren Arbeitsplätze - das schadet unserer ganzen Region wirtschaftlich.,Elsteraue,Gemeinde,Sachsen-Anhalt,45-54,male,citizen,220,31,False,False,False,False,6,4,20,3,1,1,False,False,True,False
ISS_20250613034116_7673,2023-11-22 09:44:00,Verkehr,"Die Bushaltestelle an der Marktstraße hat kein Wartehäuschen und bei Regen stehen wir alle im Wasser. Besonders für ältere Leute wie mich ist das ein Problem, wenn der Bus mal wieder Verspätung hat.",Lauterhofen,Gemeinde,Bayern,55-64,male,migrant_eu,198,33,True,False,False,False,9,2,22,47,11,4,False,True,True,False
ISS_20250613033813_6063,2024-06-28 13:59:00,Verkehr,"Die Bushaltestelle an der Dorfstraße hat kein Wartehäuschen und bei Regen stehen wir völlig im Nassen. Außerdem kommt der Bus morgens oft 10-15 Minuten zu spät, wodurch ich regelmäßig zu spät zur Arbeit komme.",Dahlem,Gemeinde,Niedersachsen,25-34,female,migrant_eu,209,34,True,False,False,False,13,4,28,26,6,2,False,True,False,True
ISS_20250613034046_5436,2024-06-25 04:19:00,Umwelt,"Die Straßenbeleuchtung in der Kirchstraße ist seit drei Wochen defekt, wodurch der Gehweg abends völlig dunkel ist. Als berufstätige Mutter fühle ich mich unsicher, wenn ich spät von der Arbeit nach Hause laufe.",Illingen,Gemeinde,Saarland,45-54,female,citizen,211,33,True,False,False,False,4,1,25,26,6,2,False,False,False,False
ISS_20250613033858_3899,2025-06-02 07:34:00,Sicherheit,"Die Straßenbeleuchtung in der Beeskower Straße ist seit Wochen kaputt, wodurch der Gehweg abends völlig dunkel ist. Als Frau fühle ich mich dort sehr unsicher und musste bereits mehrmals große Umwege gehen.",Storkow (Mark),Stadt,Brandenburg,45-54,female,citizen,206,32,True,False,False,False,7,0,2,23,6,2,False,False,True,False
ISS_20250613034244_5661,2024-01-06 11:27:00,Gesundheit,"Die Wartezeit beim Gesundheitsamt für einen Impftermin beträgt über drei Wochen, obwohl es sich um eine dringende Reiseimpfung handelt. Können Sie nicht mehr Personal einstellen oder die Termine besser organisieren?",Bremerhaven,Stadt,Bremen,25-34,male,citizen,215,30,False,False,False,False,11,5,6,1,1,1,True,True,True,False
ISS_20250613034114_1654,2023-07-01 09:12:00,Migration,"""Die Bearbeitung meines Antrags auf Familienzusammenführung dauert bereits acht Monate ohne jede Rückmeldung. Meine Frau wartet in der Heimat und wir brauchen endlich eine Antwort oder wenigstens Informationen zum aktuellen Stand.""",Neubulach,Stadt,Baden-Württemberg,25-34,male,citizen,231,31,False,False,False,False,9,5,1,26,7,3,True,True,True,False
ISS_20250613034135_7888,2025-02-03 14:05:00,Bildung,"Die Turnhalle der Grundschule am Rosenberg ist seit drei Monaten wegen Wasserschäden gesperrt. Mein Sohn hat seitdem keinen Sportunterricht mehr und die Kinder müssen bei jedem Wetter draußen spielen, was nicht akzeptabel ist.",Brühl,Stadt,Nordrhein-Westfalen,35-44,male,citizen,226,33,False,True,False,False,14,0,3,6,2,1,False,True,False,True
ISS_20250613033814_6713,2025-05-27 14:51:00,Umwelt,Die Mülleimer im Wald bei den Wanderwegen sind seit Wochen überfüllt und der Müll liegt überall verstreut. Wildtiere wühlen darin und es stinkt fürchterlich - das schadet unserem schönen Naturgebiet und den Touristen fällt das auch negativ auf.,Elmstein,Gemeinde,Rheinland-Pfalz,25-34,female,citizen,244,38,False,False,True,False,14,1,27,22,5,2,False,True,False,True
ISS_20250613034159_3295,2024-07-07 11:39:00,Digitalisierung,Das Online-Portal der Gemeinde ist seit Tagen nicht erreichbar und ich kann meinen Antrag für den neuen Personalausweis nicht stellen. Warum funktioniert die Digitalisierung hier nie richtig und wann wird das endlich behoben?,Neverin,Gemeinde,Mecklenburg-Vorpommern,45-54,female,citizen,225,33,False,False,False,False,11,6,7,27,7,3,True,True,True,False
ISS_20250613034235_2671,2023-07-03 09:43:00,Gesundheit,"Die Wartezeit beim Hausarzt in Oppach beträgt mittlerweile über drei Wochen für einen Termin. Als Berufstätiger ist das unzumutbar, besonders wenn man akute Beschwerden hat und nicht extra nach Bautzen oder Löbau fahren kann.",Oppach,Gemeinde,Sachsen,45-54,male,citizen,225,34,False,False,False,True,9,0,3,27,7,3,False,True,True,False
ISS_20250613034159_3966,2023-10-23 06:22:00,Verkehr,"Die Bushaltestelle am Marktplatz hat kein Wartehäuschen und bei Regen stehen wir alle komplett im Nassen. Außerdem kommt der Bus zur Berufsschule morgens oft 10 Minuten zu spät, wodurch ich schon mehrmals den Anschluss verpasst habe.",Gräfenhainichen,Stadt,Sachsen-Anhalt,18-24,female,citizen,233,36,True,True,False,False,6,0,23,43,10,4,False,False,True,False
ISS_20250613034113_6189,2025-06-13 07:37:00,Wirtschaft,"Die Gewerbeanmeldung für meinen kleinen Handwerksbetrieb dauert bereits seit drei Monaten, obwohl alle Unterlagen vollständig eingereicht wurden. Ohne die Genehmigung kann ich nicht arbeiten und verliere täglich Kunden an die Konkurrenz.",Anderlingen,Gemeinde,Niedersachsen,35-44,male,citizen,237,31,False,False,False,False,7,4,13,24,6,2,False,False,True,False
